etf_symbol,rank,holding_symbol,holding_name,weight_pct
AFIF,1,GMZB,Ally Financial Inc FXDFR PRF PERPETUAL USD 1000 - Ser B,1.59
AGG,1,BISXX,BlackRock Cash Funds Instl SL Agency,2.82
AGGH,1,AGG,iShares Core U.S. Aggregate Bond ETF,77.53
ANGL,1,37ZM,Standard Chartered PLC GDR,1.48
APCB,1,MBB,iShares MBS ETF,13.88
APCB,2,BNDX,Vanguard Total International Bond ETF,9.65
APCB,3,AGG,iShares Core U.S. Aggregate Bond ETF,2.68
APCB,4,FGXXX,First American Government Obligations Fund Class X,1.02
BAB,1,AGPXX,Invesco Government & Agency Portfolio Institutional Class,2.66
BBAG,1,MGMXX,JPMorgan U.S. Government Money Market Fund IM,2.41
BBHY,1,MGMXX,JPMorgan U.S. Government Money Market Fund IM,0.50
BGRN,1,XTSLA,BlackRock Cash Funds Treasury SL Agency,1.80
BILZ,1,V,V,100.00
BKLN,1,IUGXX,Invesco Premier US Government Money Portfolio Institutional Class,8.07
BNDI,1,AGG,iShares Core U.S. Aggregate Bond ETF,49.65
BNDI,2,BND,Vanguard Total Bond Market Index Fund,49.64
BNDI,3,FXFXX,First American Treasury Obligations Fund Class X,0.66
BNDI,4,NOSXX,Northern Funds US Government Select Money Market Fund,0.09
BNDW,1,BND,Vanguard Total Bond Market Index Fund,51.34
BNDW,2,BNDX,Vanguard Total International Bond ETF,48.66
BOND,1,PMBS,PIMCO Mortgage-Backed Securities Active ETF,3.36
BSCP,1,AGPXX,Invesco Government & Agency Portfolio Institutional Class,93.69
BSCQ,1,AGPXX,Invesco Government & Agency Portfolio Institutional Class,2.01
BSCY,1,AGPXX,Invesco Government & Agency Portfolio Institutional Class,1.15
BSJP,1,AGPXX,Invesco Government & Agency Portfolio Institutional Class,95.32
BSJQ,1,AGPXX,Invesco Government & Agency Portfolio Institutional Class,10.71
BSJR,1,AGPXX,Invesco Government & Agency Portfolio Institutional Class,7.29
BSJS,1,AGPXX,Invesco Government & Agency Portfolio Institutional Class,1.42
BSJT,1,AGPXX,Invesco Government & Agency Portfolio Institutional Class,1.24
BUCK,1,SBIL,Simplify Government Money Market ETF,87.12
BUXX,1,FGXXX,First American Government Obligations Fund Class X,4.67
BYLD,1,USHY,iShares Broad USD High Yield Corporate Bond ETF,20.07
BYLD,2,IGLB,iShares 10+ Year Investment Grade Corporate Bond ETF,11.43
BYLD,3,EMHY,iShares J.P. Morgan EM High Yield Bond ETF,10.06
BYLD,4,USIG,iShares Broad USD Investment Grade Corporate Bond ETF,10.02
BYLD,5,FLOT,iShares Floating Rate Bond ETF,9.97
BYLD,6,IGIB,iShares 5-10 Year Investment Grade Corporate Bond ETF,9.63
BYLD,7,IGEB,iShares Investment Grade Corporate Bond ETF,8.77
BYLD,8,GNMA,iShares GNMA Bond ETF,7.99
BYLD,9,SGOV,iShares 0-3 Month Treasury Bond ETF,5.47
BYLD,10,IUSB,iShares Core Total Bond Market ETF,4.49
CAFX,1,FXFXX,First American Treasury Obligations Fund Class X,3.44
CDX,1,HYG,iShares iBoxx $ High Yield Corporate Bond ETF,100.46
CDX,2,SBIL,Simplify Government Money Market ETF,69.23
CEMB,1,XTSLA,BlackRock Cash Funds Treasury SL Agency,0.46
CMBS,1,XTSLA,BlackRock Cash Funds Treasury SL Agency,1.03
CVSB,1,MVRXX,"Morgan Stanley Insti Liquidity Fds, Government Portf Insti Class",1.40
DBND,1,DBLGX,DoubleLine Global Bond Fund Class I,2.38
DBND,2,MGMXX,JPMorgan U.S. Government Money Market Fund IM,1.88
DBND,3,MVRXX,"Morgan Stanley Insti Liquidity Fds, Government Portf Insti Class",1.88
DBND,4,DBELX,DoubleLine Emerging Markets Local Currency Bond Fund Class I,1.84
DFCA,1,MCSXX,BlackRock Liquidity Funds MuniCash - Institutional,2.73
DFGX,1,V,V,100.00
DFNM,1,MCSXX,BlackRock Liquidity Funds MuniCash - Institutional,0.89
DFSD,1,V,V,100.00
EAGG,1,BISXX,BlackRock Cash Funds Instl SL Agency,3.79
EDGF,1,BIL,SPDR Bloomberg 1-3 Month T-Bill ETF,20.07
EDGF,2,TIP,iShares TIPS Bond ETF,15.02
EDGF,3,VGIT,Vanguard Intermediate-Term Treasury Fund,15.01
EDGF,4,SGOV,iShares 0-3 Month Treasury Bond ETF,14.55
EDGF,5,SPIP,SPDR Portfolio TIPS ETF,10.52
EDGF,6,SPTI,SPDR Portfolio Intermediate Term Treasury ETF,10.51
EDGF,7,CLIP,Global X 1-3 Month T-Bill ETF,9.00
EDGF,8,GBIL,Goldman Sachs Access Treasury 0-1 Year ETF,5.00
EDGF,9,FGXXX,First American Government Obligations Fund Class X,1.14
EDV,1,V,V,100.00
EMB,1,XTSLA,BlackRock Cash Funds Treasury SL Agency,0.64
EMHY,1,XTSLA,BlackRock Cash Funds Treasury SL Agency,0.65
EUSB,1,XTSLA,BlackRock Cash Funds Treasury SL Agency,2.71
EVIM,1,MCSXX,BlackRock Liquidity Funds MuniCash - Institutional,7.33
EVLN,1,MVRXX,"Morgan Stanley Insti Liquidity Fds, Government Portf Insti Class",5.81
EVSB,1,MVRXX,"Morgan Stanley Insti Liquidity Fds, Government Portf Insti Class",1.19
EVSM,1,MCSXX,BlackRock Liquidity Funds MuniCash - Institutional,1.65
FALN,1,XTSLA,BlackRock Cash Funds Treasury SL Agency,1.41
FLBL,1,INFXX,Institutional Fiduciary Trust Money Market Pt,5.42
FLCB,1,INFXX,Institutional Fiduciary Trust Money Market Pt,1.62
FLCO,1,INFXX,Institutional Fiduciary Trust Money Market Pt,1.52
FLGV,1,INFXX,Institutional Fiduciary Trust Money Market Pt,3.63
FLHY,1,INFXX,Institutional Fiduciary Trust Money Market Pt,1.44
FLIA,1,INFXX,Institutional Fiduciary Trust Money Market Pt,8.21
FLOT,1,XTSLA,BlackRock Cash Funds Treasury SL Agency,1.14
FLRN,1,V,V,100.00
FLUD,1,INFXX,Institutional Fiduciary Trust Money Market Pt,2.49
FTCB,1,MISXX,"Morgan Stanley Insti Liquidity Fds, Treasury Portf Instit Class",1.26
FTRB,1,MBB,iShares MBS ETF,5.35
FTRB,2,VMBS,Vanguard Mortgage-Backed Securities Fund,3.53
FTSD,1,INFXX,Institutional Fiduciary Trust Money Market Pt,8.56
FTSL,1,MISXX,"Morgan Stanley Insti Liquidity Fds, Treasury Portf Instit Class",5.24
GCAL,1,FTIXX,Financial Square Treasury Instruments Fd - FST Shares,1.44
GCOR,1,FGTXX,Financial Square Government Fund FST Shares,9.77
GIGB,1,FGTXX,Financial Square Government Fund FST Shares,0.51
GMUB,1,FTIXX,Financial Square Treasury Instruments Fd - FST Shares,1.17
GNMA,1,XTSLA,BlackRock Cash Funds Treasury SL Agency,8.81
GSST,1,FGTXX,Financial Square Government Fund FST Shares,3.19
GTO,1,AGPXX,Invesco Government & Agency Portfolio Institutional Class,4.20
GVI,1,XTSLA,BlackRock Cash Funds Treasury SL Agency,0.77
HYBB,1,XTSLA,BlackRock Cash Funds Treasury SL Agency,0.65
HYDB,1,XTSLA,BlackRock Cash Funds Treasury SL Agency,1.92
HYG,1,XTSLA,BlackRock Cash Funds Treasury SL Agency,0.48
HYGH,1,HYG,iShares iBoxx $ High Yield Corporate Bond ETF,95.24
HYGH,2,XTSLA,BlackRock Cash Funds Treasury SL Agency,3.08
HYLS,1,MISXX,"Morgan Stanley Insti Liquidity Fds, Treasury Portf Instit Class",4.20
HYMU,1,MCSXX,BlackRock Liquidity Funds MuniCash - Institutional,6.87
HYTR,1,USHY,iShares Broad USD High Yield Corporate Bond ETF,39.74
HYTR,2,JNK,SPDR Bloomberg High Yield Bond ETF,29.84
HYTR,3,HYG,iShares iBoxx $ High Yield Corporate Bond ETF,29.83
IAGG,1,XTSLA,BlackRock Cash Funds Treasury SL Agency,0.44
IBDQ,1,XTSLA,BlackRock Cash Funds Treasury SL Agency,91.68
IBDR,1,XTSLA,BlackRock Cash Funds Treasury SL Agency,1.88
IBDS,1,XTSLA,BlackRock Cash Funds Treasury SL Agency,0.89
IBDT,1,XTSLA,BlackRock Cash Funds Treasury SL Agency,0.55
IBDU,1,XTSLA,BlackRock Cash Funds Treasury SL Agency,0.53
IBDV,1,XTSLA,BlackRock Cash Funds Treasury SL Agency,0.73
IBDX,1,XTSLA,BlackRock Cash Funds Treasury SL Agency,0.88
IBDY,1,XTSLA,BlackRock Cash Funds Treasury SL Agency,0.82
IBDZ,1,XTSLA,BlackRock Cash Funds Treasury SL Agency,0.89
IBHE,1,XTSLA,BlackRock Cash Funds Treasury SL Agency,93.00
IBHF,1,XTSLA,BlackRock Cash Funds Treasury SL Agency,5.86
IBHG,1,XTSLA,BlackRock Cash Funds Treasury SL Agency,2.76
IBHH,1,XTSLA,BlackRock Cash Funds Treasury SL Agency,1.03
IBHI,1,XTSLA,BlackRock Cash Funds Treasury SL Agency,1.11
IBHJ,1,XTSLA,BlackRock Cash Funds Treasury SL Agency,1.10
IBMO,1,MCSXX,BlackRock Liquidity Funds MuniCash - Institutional,0.74
IBMP,1,MCSXX,BlackRock Liquidity Funds MuniCash - Institutional,0.52
IBMQ,1,MCSXX,BlackRock Liquidity Funds MuniCash - Institutional,0.89
IBMR,1,MCSXX,BlackRock Liquidity Funds MuniCash - Institutional,0.83
IBMS,1,MCSXX,BlackRock Liquidity Funds MuniCash - Institutional,0.91
IBTF,1,XTSLA,BlackRock Cash Funds Treasury SL Agency,38.43
IBTL,1,XTSLA,BlackRock Cash Funds Treasury SL Agency,0.16
IBTM,1,XTSLA,BlackRock Cash Funds Treasury SL Agency,0.23
IBTP,1,XTSLA,BlackRock Cash Funds Treasury SL Agency,0.01
ICLO,1,IUGXX,Invesco Premier US Government Money Portfolio Institutional Class,1.87
ICSH,1,XTSLA,BlackRock Cash Funds Treasury SL Agency,0.54
ICVT,1,XTSLA,BlackRock Cash Funds Treasury SL Agency,1.65
IGBH,1,IGLB,iShares 10+ Year Investment Grade Corporate Bond ETF,92.38
IGBH,2,XTSLA,BlackRock Cash Funds Treasury SL Agency,6.84
IGEB,1,XTSLA,BlackRock Cash Funds Treasury SL Agency,0.72
IGIB,1,XTSLA,BlackRock Cash Funds Treasury SL Agency,0.20
IGLB,1,XTSLA,BlackRock Cash Funds Treasury SL Agency,0.59
IGSB,1,XTSLA,BlackRock Cash Funds Treasury SL Agency,1.21
ILTB,1,XTSLA,BlackRock Cash Funds Treasury SL Agency,1.09
IMSI,1,IUGXX,Invesco Premier US Government Money Portfolio Institutional Class,11.82
IMTB,1,BISXX,BlackRock Cash Funds Instl SL Agency,9.82
INMU,1,MCSXX,BlackRock Liquidity Funds MuniCash - Institutional,6.11
ISCXF,1,0P0001I429,BlackRock ICS US Dollar Liquid Environmentally Aware Fund Agency Inc,1.27
ISCXF,2,,US03522AAJ97,0.23
ISCXF,3,CVSE,US126650CZ11,0.18
ISCXF,4,357F,US87264ABF12,0.16
ISCXF,5,,US097023CW33,0.15
ISCXF,6,3H0B,3H0B,0.14
ISCXF,7,US716973AG7,US716973AG71,0.14
ISCXF,8,,US38141GFD16,0.14
ISCXF,9,SOBQ,US00206RKJ04,0.14
ISCXF,10,US126650CY4,US126650CY46,0.14
ISHUF,1,,INSL CASH,9.85
ISHUF,2,,0% BILL 28/10/2025 USD,4.95
ISHUF,3,,0% BILL 09/07/2026 USD,3.77
ISHUF,4,,0% BILL 30/10/2025 USD,3.46
ISHUF,5,,0% BILL 23/09/2025 USD,3.35
ISHUF,6,US91282CKS9,T-NOTE USA FX 4.875% MAY26 USD,3.18
ISHUF,7,,0% BILL 06/08/2026 USD,3.17
ISHUF,8,,0% BILL 07/10/2025 USD,2.96
ISHUF,9,,0% BILL 28/11/2025 USD,2.95
ISHUF,10,US91282CBQ3,USA 21/26,2.82
ISHVF,1,0P0001I429,BlackRock ICS US Dollar Liquid Environmentally Aware Fund Agency Inc,4.71
ISHVF,2,,US91282CKQ32,0.44
ISHVF,3,,US01F0606917,0.43
ISHVF,4,US91282CJZ5,US91282CJZ59,0.42
ISHVF,5,US91282CJJ1,US91282CJJ18,0.42
ISHVF,6,US91282CNC1,United States Treasury Note 4.25% 05/15/2035,0.41
ISHVF,7,US91282CLF6,US91282CLF67,0.39
ISHVF,8,,US91282CGQ87,0.37
ISHVF,9,US91282CMM0,United States Treasury Note 4.625% Due 02/15/2035,0.37
ISHVF,10,US91282CMA6,"United States Treasury Note 4.125% due November 30, 2029",0.36
ISTB,1,BISXX,BlackRock Cash Funds Instl SL Agency,0.98
ISTXF,1,US91282CME8,US91282CME83,2.05
ISTXF,2,US91282CNP2,"United States Treasury Note 3.875% Due July 31, 2027",1.61
ISTXF,3,US91282CNE7,United States Treasury Note 3.875% 05/31/2027,1.60
ISTXF,4,,US912828Z781,1.58
ISTXF,5,US91282CLY5,United States Treasury Note 4.25% 11/30/2026,1.54
ISTXF,6,US91282CMP3,United States Treasury Note 4.125% due 02/28/2027,1.52
ISTXF,7,US91282CMH1,"United States Treasury Note 4.125% Due January 31, 2027",1.51
ISTXF,8,US91282CMV0,United States Treasury Note 3.875% 03/31/2027,1.51
ISTXF,9,US91282CMY4,United States Treasury Note 3.75% 04/30/2027,1.49
ISTXF,10,US91282CLS8,"United States Treasury Note, 4.125% due 10/31/2026",1.48
ISVQF,1,0P0001I429,BlackRock ICS US Dollar Liquid Environmentally Aware Fund Agency Inc,1.34
ISVQF,2,357F,US87264ABF12,0.23
ISVQF,3,NCBX,US06051GHD43,0.20
ISVQF,4,,US097023DG73,0.19
ISVQF,5,NCBI,US06051GJS93,0.18
ISVQF,6,,US00287YBX67,0.18
ISVQF,7,CVSA,US126650CX62,0.16
ISVQF,8,,US097023CY98,0.16
ISVQF,9,US95000U3E1,"Wells Fargo & Company 5.574% Senior Unsecured Notes due July 25, 2029",0.14
ISVQF,10,US38141GYM0,US38141GYM04,0.14
ISZXF,1,,US91282CGQ87,2.25
ISZXF,2,US91282CFF3,US91282CFF32,2.07
ISZXF,3,US91282CCS8,US91282CCS89,2.04
ISZXF,4,US91282CEP2,US91282CEP23,2.01
ISZXF,5,US91282CDJ7,US91282CDJ71,2.00
ISZXF,6,US91282CAV3,US91282CAV37,1.96
ISZXF,7,,US91282CCB54,1.92
ISZXF,8,,US91282CDY49,1.91
ISZXF,9,US91282CBL4,US91282CBL46,1.91
ISZXF,10,US91282CAE1,US91282CAE12,1.87
ITM,1,V,V,100.00
IUSB,1,TMCXX,BlackRock Liquidity Funds TempCash - Institutional,2.38
JAGG,1,,United States Treasury Notes 0.25%,3.41
JAGG,2,,United States Treasury Notes 0.5%,2.05
JAGG,3,,United States Treasury Notes 1.75%,1.62
JAGG,4,,Jpmorgan Us Govt Mmkt Fund Im Shares (Restricted),1.62
JAGG,5,,United States Treasury Notes 2.5%,1.61
JAGG,6,,United States Treasury Notes 1.38%,1.40
JAGG,7,,United States Treasury Bonds 1.25%,1.27
JAGG,8,,United States Treasury Notes 2.88%,1.16
JAGG,9,,United States Treasury Bonds 2.5%,1.03
JAGG,10,,United States Treasury Notes 2.38%,0.95
JBBB,1,JAAA,Janus Henderson AAA CLO ETF,1.58
JBND,1,MGMXX,JPMorgan U.S. Government Money Market Fund IM,4.08
JCPB,1,MGMXX,JPMorgan U.S. Government Money Market Fund IM,8.19
JCPI,1,JIMXX,JPMorgan Prime Money Market Fund IM,0.59
JMHI,1,JOIXX,JPMorgan Institutional Tax Free Money Market Fund  - IM,12.39
JMSI,1,JOIXX,JPMorgan Institutional Tax Free Money Market Fund  - IM,11.83
JMST,1,JOIXX,JPMorgan Institutional Tax Free Money Market Fund  - IM,12.69
JMUB,1,JOIXX,JPMorgan Institutional Tax Free Money Market Fund  - IM,8.96
JPST,1,MGMXX,JPMorgan U.S. Government Money Market Fund IM,9.40
JSCP,1,JIMXX,JPMorgan Prime Money Market Fund IM,4.83
JSI,1,JBBB,Janus Henderson B-BBB CLO ETF,2.83
KORP,1,V,V,100.00
LEMB,1,XTSLA,BlackRock Cash Funds Treasury SL Agency,2.17
LQD,1,XTSLA,BlackRock Cash Funds Treasury SL Agency,0.82
LQDH,1,LQD,iShares iBoxx $ Investment Grade Corporate Bond ETF,94.91
LQDH,2,XTSLA,BlackRock Cash Funds Treasury SL Agency,5.16
MBB,1,BISXX,BlackRock Cash Funds Instl SL Agency,4.44
MEAR,1,MCSXX,BlackRock Liquidity Funds MuniCash - Institutional,1.26
MTBA,1,SBIL,Simplify Government Money Market ETF,44.51
MUB,1,MCSXX,BlackRock Liquidity Funds MuniCash - Institutional,0.21
MUU,1,MU,Micron Technology Inc.,9.91
NCLO,1,GVMXX,State Street Insti U.S. Govt Money Market Fd Insti Class,2.13
NEAR,1,XTSLA,BlackRock Cash Funds Treasury SL Agency,2.90
NYF,1,MCSXX,BlackRock Liquidity Funds MuniCash - Institutional,0.50
PCRB,1,PGLXX,Putnam Government Money Market Fund Class P,3.23
PCRB,2,FLUD,Franklin Ultra Short Bond ETF,1.84
PFIX,1,SBIL,Simplify Government Money Market ETF,21.39
PGHY,1,AGPXX,Invesco Government & Agency Portfolio Institutional Class,0.92
PHB,1,AGPXX,Invesco Government & Agency Portfolio Institutional Class,1.75
PHYL,1,PAAA,PGIM AAA CLO ETF,1.45
PICB,1,AGPXX,Invesco Government & Agency Portfolio Institutional Class,0.56
PSH,1,PAAA,PGIM AAA CLO ETF,1.49
PTRB,1,PAAA,PGIM AAA CLO ETF,4.89
PTRB,2,PCS,PGIM Corporate Bond 0-5 Year ETF,0.94
PULS,1,PAAA,PGIM AAA CLO ETF,1.31
QLTA,1,XTSLA,BlackRock Cash Funds Treasury SL Agency,0.84
REM,1,NLY,"Annaly Capital Management, Inc.",21.99
REM,2,AGNC,AGNC Investment Corp.,14.61
REM,3,STWD,Starwood Property Trust Inc.,7.92
REM,4,DX,Dynex Capital Inc.,4.35
REM,5,BXMT,Blackstone Mortgage Trust Inc.,4.33
REM,6,RITM,Rithm Capital Corp.,4.32
REM,7,ARR,Armour Residential REIT Inc.,4.22
REM,8,ABR,Arbor Realty Trust Inc.,3.21
REM,9,ARI,Apollo Commercial Real Estate Finance Inc.,2.86
REM,10,EFC,ELLINGTON FINANCIAL INC 1EL REIT,2.80
SBND,1,V,V,100.00
SCHR,1,V,V,100.00
SEIX,1,V,V,100.00
SGOV,1,XTSLA,BlackRock Cash Funds Treasury SL Agency,7.38
SHV,1,XTSLA,BlackRock Cash Funds Treasury SL Agency,8.24
SHYG,1,XTSLA,BlackRock Cash Funds Treasury SL Agency,2.34
SLQD,1,XTSLA,BlackRock Cash Funds Treasury SL Agency,0.51
SMTH,1,MVRXX,"Morgan Stanley Insti Liquidity Fds, Government Portf Insti Class",3.06
SPAB,1,SSIXX,State Street Institutional Liquid Reserves Fund,3.27
SPMB,1,SSIXX,State Street Institutional Liquid Reserves Fund,4.13
SPSB,1,V,V,100.00
SRLN,1,GVMXX,State Street Insti U.S. Govt Money Market Fd Insti Class,4.08
STIP,1,XTSLA,BlackRock Cash Funds Treasury SL Agency,5.08
STOT,1,GVMXX,State Street Insti U.S. Govt Money Market Fd Insti Class,1.42
STPZ,1,V,V,100.00
SUB,1,MCSXX,BlackRock Liquidity Funds MuniCash - Institutional,0.51
SUSB,1,XTSLA,BlackRock Cash Funds Treasury SL Agency,0.99
SUSC,1,XTSLA,BlackRock Cash Funds Treasury SL Agency,0.56
TAXF,1,V,V,100.00
TBF,1,V,V,100.00
TFLO,1,XTSLA,BlackRock Cash Funds Treasury SL Agency,0.01
TMF,1,TLT,iShares 20+ Year Treasury Bond ETF,66.43
TMV,1,TLTU,MegaLong(3X)20+YrUS Trs Dl LvrgdAltETF,0.03
TUSI,1,DGCXX,Dreyfus Government Cash Management - Institutional Shares,3.51
TYD,1,IEF,iShares 7-10 Year Treasury Bond ETF,74.45
UCON,1,FGBLM25,Euro Bund Future June 25,1.26
USHY,1,XTSLA,BlackRock Cash Funds Treasury SL Agency,0.24
USIG,1,XTSLA,BlackRock Cash Funds Treasury SL Agency,0.25
UYLD,1,FGUXX,Government Obligations Fund Class U,2.56
VCRPF,1,US25816DP1,US025816DP17,0.11
VCRPF,2,,US03522AAJ97,0.10
VCRPF,3,3H0B,3H0B,0.08
VCRPF,4,CVSE,US126650CZ11,0.07
VCRPF,5,US25816DV8,US025816DV84,0.07
VCRPF,6,US925650AB9,US925650AB99,0.07
VCRPF,7,US46647PEW2,US46647PEW23,0.07
VCRPF,8,,US26884TAR32,0.07
VCRPF,9,US6051GLH0,US06051GLH01,0.07
VCRPF,10,357F,US87264ABF12,0.07
VNLA,1,JAAA,Janus Henderson AAA CLO ETF,0.97
VRIG,1,AGPXX,Invesco Government & Agency Portfolio Institutional Class,1.30
VTC,1,VCSH,Vanguard Short-Term Corporate Bond ETF,38.02
VTC,2,VCLT,Vanguard Long-Term Corporate Bond Fund,33.22
VTC,3,VCIT,Vanguard Intermediate-Term Corporate Bond Fund,28.74
VTIP,1,V,V,100.00
WINC,1,NVDA,NVIDIA Corp,4.63
WINC,2,MSFT,Microsoft Corp.,4.25
WINC,3,AAPL,Apple Inc.,4.12
XEMD,1,JPM,JPM,100.00
XFIV,1,V,V,100.00
XHLF,1,V,V,100.00
XMPT,1,NEA,Nuveen AMT-Free Quality Municipal Income Fund,8.23
XMPT,2,NAD,Nuveen Quality Municipal Income Fund,7.95
XMPT,3,NVG,Nuveen AMT-Free Municipal Credit Income Fund of Beneficial Interest,7.70
XMPT,4,NZF,Nuveen Municipal Credit Income Fund,6.89
XMPT,5,BTT,BlackRock Municipal 2030 Target Term Trust,5.78
XMPT,6,NUV,"Nuveen Municipal Value Fund, Inc.",5.22
XMPT,7,PML,PIMCO Municipal Income Fund II,3.28
XMPT,8,MQY,"BlackRock MuniYield Quality Fund, Inc.",2.84
XMPT,9,MYI,"BlackRock MuniYield Quality Fund III, Inc.",2.59
XMPT,10,NMZ,Nuveen Municipal High Income Opportunity Fund,2.54
YLD,1,GVMXX,State Street Insti U.S. Govt Money Market Fd Insti Class,3.71
